﻿<?xml version="1.0" encoding="utf-8"?>
<manifest identifier="_6C9vJTtxGq1" version="1.0" xmlns="http://www.imsproject.org/xsd/imscp_rootv1p1p2" xmlns:adlcp="http://www.adlnet.org/xsd/adlcp_rootv1p2" xmlns:xsi="http://www.w3.org/2001/XMLSchema-instance" xsi:schemaLocation="http://www.imsproject.org/xsd/imscp_rootv1p1p2 imscp_rootv1p1p2.xsd http://www.imsglobal.org/xsd/imsmd_rootv1p2p1 imsmd_rootv1p2p1.xsd http://www.adlnet.org/xsd/adlcp_rootv1p2 adlcp_rootv1p2.xsd">
  <metadata>
    <schema>ADL SCORM</schema>
    <schemaversion>1.2</schemaversion>
    <lom xmlns="http://www.imsglobal.org/xsd/imsmd_rootv1p2p1" xmlns:xsi="http://www.w3.org/2001/XMLSchema-instance" xsi:schemaLocation="http://www.imsglobal.org/xsd/imsmd_rootv1p2p1 imsmd_rootv1p2p1.xsd">
      <general>
        <title>
          <langstring xml:lang="x-none">50 30 20 model 2</langstring>
        </title>
      </general>
      <lifecycle>
        <version>
          <langstring xml:lang="x-none">1</langstring>
        </version>
        <status>
          <source>
            <langstring xml:lang="x-none">LOMv1.0</langstring>
          </source>
          <value>
            <langstring xml:lang="x-none">Final</langstring>
          </value>
        </status>
      </lifecycle>
      <metametadata>
        <metadatascheme>ADL SCORM 1.2</metadatascheme>
      </metametadata>
      <educational>
        <typicallearningtime>
          <datetime>PT0H0M0S</datetime>
        </typicallearningtime>
      </educational>
      <rights>
        <cost>
          <source>
            <langstring xml:lang="x-none">LOMv1.0</langstring>
          </source>
          <value>
            <langstring xml:lang="x-none">yes</langstring>
          </value>
        </cost>
        <copyrightandotherrestrictions>
          <source>
            <langstring xml:lang="x-none">LOMv1.0</langstring>
          </source>
          <value>
            <langstring xml:lang="x-none">yes</langstring>
          </value>
        </copyrightandotherrestrictions>
      </rights>
    </lom>
  </metadata>
  <organizations default="50_30_20_model_2_ORG">
    <organization identifier="50_30_20_model_2_ORG">
      <title>50 30 20 model 2</title>
      <item identifier="FLT_interactions_SCO" isvisible="true" identifierref="__6C9vJTtxGq1_RES">
        <title>50 30 20 model 2</title>
      </item>
    </organization>
  </organizations>
  <resources>
    <resource identifier="__6C9vJTtxGq1_RES" type="webcontent" href="index_lms.html" adlcp:scormtype="sco">
      <file href="story_content/thumbnail.jpg" />
      <file href="mobile/5WsoWKHUFpA.png" />
      <file href="mobile/6ltmrzgz32y_B10_C30.png" />
      <file href="mobile/5Vc1w4q494B_B10.png" />
      <file href="mobile/6EMrXk8KDdQ_C20.png" />
      <file href="mobile/5lb33c8WzjI_C10.png" />
      <file href="mobile/5lb33c8WzjI.png" />
      <file href="mobile/6YASciJji4C.png" />
      <file href="mobile/5o7eNHFAJle.png" />
      <file href="mobile/6jhE4b2JXFY.png" />
      <file href="meta.xml" />
      <file href="story_content/triggers.js" />
      <file href="story_content/user.js" />
      <file href="html5/data/css/output.min.css" />
      <file href="html5/data/js/5nn0TjtKHx7.js" />
      <file href="html5/data/js/5sxxm24xN0T.js" />
      <file href="html5/data/js/5yOuN0tCyp8.js" />
      <file href="html5/data/js/64icxg6JZ31.js" />
      <file href="html5/data/js/6BYoN9fLcQT.js" />
      <file href="html5/data/js/6kRGVRsCezW.js" />
      <file href="html5/data/js/6Pvdv0oBsLh.js" />
      <file href="html5/data/js/6WxUSgAjYd6.js" />
      <file href="html5/data/js/data.js" />
      <file href="html5/data/js/frame.js" />
      <file href="html5/data/js/paths.js" />
      <file href="html5/lib/scripts/bootstrapper.min.js" />
      <file href="html5/lib/scripts/frame.desktop.min.js" />
      <file href="html5/lib/scripts/frame.mobile.min.js" />
      <file href="html5/lib/scripts/slides.min.js" />
      <file href="html5/lib/stylesheets/desktop.min.css" />
      <file href="html5/lib/stylesheets/mobile.min.css" />
      <file href="html5/lib/stylesheets/mobile-fonts/open-sans-bold.woff" />
      <file href="html5/lib/stylesheets/mobile-fonts/open-sans-light.woff" />
      <file href="html5/lib/stylesheets/mobile-fonts/open-sans-regular.woff" />
      <file href="analytics-frame.html" />
      <file href="story.html" />
      <file href="index_lms.html" />
      <file href="lms/AICCComm.html" />
      <file href="lms/blank.html" />
      <file href="lms/browsersniff.js" />
      <file href="lms/goodbye.html" />
      <file href="lms/scormdriver.js" />
    </resource>
  </resources>
</manifest>